votes_1994,turnout_1994,turnout_2000,pri_1994_votes,pri_2000_share,pan_1994_votes,pan_2000_share,prd_1994_votes,prd_2000_share,intent_to_treat,early_progresa,poverty,population,share_eligible,num_villages
145,0.6344926357269287,0.71856290102005,111,0.56886225938797,1,0.005988024175167084,8,0.11976047605276108,1,1,5,533,1,3
212,0.4222157299518585,0.6583071947097778,49,0.17868338525295258,0,0.006269592326134443,136,0.46081504225730896,0,0.7614678740501404,5,1080,1,12
71,0.5760281085968018,0.6122449040412903,55,0.4897959232330322,1,0.051020409911870956,7,0.0714285746216774,1,1,5,272,1,2
487,0.6823464632034302,0.570135772228241,265,0.3212669789791107,2,0.006033182609826326,190,0.21417798101902008,1,1,5,1534,1,1
85,0.47969380021095276,0.47560974955558777,52,0.3048780560493469,2,0.024390242993831635,8,0.12804877758026123,1,1,5,349,1,3
87,0.4681839644908905,0.4637681245803833,68,0.4057970941066742,0,0.007246376946568489,0,0.028985507786273956,1,0.8536585569381714,5,383,1,4
75,0.7820432186126709,0.6186440587043762,66,0.5169491767883301,1,0.033898305147886276,1,0.008474576286971569,1,1,5,217,1,1
145,0.5410928726196289,0.7107142806053162,105,0.6428571343421936,0,0.0035714285913854837,10,0.02857142873108387,1,1,5,667,1,2
135,0.6056455969810486,0.5580524206161499,102,0.4082396924495697,3,0.02247191034257412,23,0.12734082341194153,1,1,5,541,1,4
386,0.23814430832862854,0.3122093081474304,245,0.22441861033439636,18,0.011627906933426857,14,0.0651162788271904,1,1,5,3289,1,2
141,0.21661314368247986,0.47022899985313416,52,0.3893129825592041,8,0.030534351244568825,4,0.018320610746741295,1,1,4.5,1320,1,2
80,0.40223661065101624,0.4502164423465729,58,0.31168830394744873,6,0.06060606241226196,7,0.05627705529332161,1,1,5,384,1,1
69,0.4639188349246979,1,30,0.7692307829856873,0,0.025641025975346565,38,0.1666666716337204,0,0,5,307,1,1
247,0.633318305015564,0.3738532066345215,128,0.23853211104869843,0,0.004587155766785145,20,0.11926605552434921,0,0.6184210777282715,5,840,1,6
109,0.28485095500946045,0.6487455368041992,47,0.47311827540397644,8,0.032258063554763794,9,0.10035842657089233,1,1,5,790,1,1
186,0.6164225935935974,0.5806451439857483,30,0.21407625079154968,1,0.008797653950750828,99,0.32844576239585876,1,0.9577465057373047,5,632,1,2
314,2.0417184829711914,0.7129629850387573,274,0.5648148059844971,0,0,30,0.06481481343507767,1,1,5,356,1,2
103,0.5124710202217102,0.5117371082305908,81,0.3661971688270569,4,0.014084506779909134,14,0.13145539164543152,1,1,5,435,1,2
587,0.921535313129425,0.5726743936538696,160,0.1705426424741745,4,0.00872093066573143,352,0.3682170510292053,1,1,5,1423,1,9
425,0.33052873611450195,0.3131381869316101,208,0.1218516007065773,9,0.00748808728531003,202,0.17358747124671936,1,0.6041666865348816,4.833333492279053,2949,1,8
168,0.20666153728961945,0.18901453912258148,137,0.1042003259062767,0,0.009693053551018238,26,0.07189014554023743,0,0.75,5,1762,1,8
58,0.22623465955257416,0.4901960790157318,56,0.30588236451148987,0,0.003921568859368563,2,0.15294118225574493,0,0,5,561,1,1
75,0.4860992729663849,0.5874125957489014,65,0.503496527671814,1,0.0419580414891243,9,0.03496503457427025,1,1,5,328,1,1
168,0.39842313528060913,0.726141095161438,0,0.26141080260276794,0,0.006224066484719515,0,0.4273858964443207,1,1,5,888,1,6
126,0.5559122562408447,0.6318408250808716,121,0.42786070704460144,1,0.08955223858356476,2,0.09452736377716064,1,0,4.5,460,1,2
165,0.6365107297897339,0.6132404208183289,147,0.5017421841621399,6,0.017421603202819824,6,0.08362369239330292,1,1,5,616,1,1
188,0.7521852850914001,0.8700787425041199,180,0.6496062874794006,0,0.027559055015444756,7,0.07874015718698502,0,0,5,538,1,2
325,0.8563637137413025,0.4436229169368744,159,0.292051762342453,1,0.00554528646171093,152,0.13493530452251434,0,0.9145299196243286,5,804,1,3
149,0.7633359432220459,0.5914893746376038,78,0.4723404347896576,3,0.01702127605676651,48,0.025531914085149765,0,0.46296295523643494,5,444,1,2
38,0.5996677875518799,1,31,0.875,3,0.01785714365541935,4,0.125,1,1,5,172,1,1
390,0.8282275199890137,0.9479553699493408,188,0.44609665870666504,51,0.10780669003725052,102,0.3773234188556671,0,0.7120419144630432,5,969,1,9
93,1,1,57,0.4722222089767456,0,0.2083333283662796,16,0.7083333134651184,0,0,5,241,1,2
433,0.6025059223175049,0.5987558364868164,253,0.46811819076538086,23,0.05443234741687775,38,0.04199066758155823,0,0.6871165633201599,4.285714149475098,1311,0.8062547445297241,7
545,0.5487205982208252,0.6991758346557617,387,0.4436813294887543,69,0.1675824224948883,19,0.04395604506134987,1,1,3.5,1832,0.8324235677719116,4
251,0.7510054111480713,0.6508474349975586,141,0.3118644058704376,32,0.2305084764957428,16,0.0576271191239357,1,1,5,693,1,2
163,0.6443884372711182,0.8556700944900513,115,0.561855673789978,2,0.0824742242693901,12,0.10824742168188095,1,1,5,477,1,2
480,0.711112916469574,0.6475771069526672,419,0.5286343693733215,21,0.041116006672382355,5,0.038179147988557816,1,0.9928571581840515,3.75,1173,0.6803069114685059,4
303,0.6281029582023621,0.6106383204460144,263,0.2638297975063324,3,0.10638298094272614,22,0.18936170637607574,1,1,4.666666507720947,1100,1,3
162,0.7846941947937012,0.6985645890235901,131,0.5071770548820496,9,0.11483253538608551,4,0.057416267693042755,0,0.7291666865348816,4,319,1,2
362,0.6779584288597107,0.5879310369491577,260,0.317241370677948,21,0.09482758492231369,49,0.1344827562570572,1,1,3.75,912,0.8936403393745422,5
212,0.5076544284820557,0.4588744640350342,116,0.2792207896709442,10,0.021645022556185722,20,0.14069263637065887,0,0.8129032254219055,5,796,1,2
197,0.6517596244812012,0.7586206793785095,50,0.3896551728248596,99,0.22413793206214905,34,0.08965517580509186,1,1,5,609,1,2
242,0.8384174704551697,0.6813880205154419,148,0.3249211311340332,11,0.18927444517612457,18,0.11356467008590698,1,1,4.75,585,1,4
472,0.4440527558326721,0.5204678177833557,367,0.35438597202301025,29,0.057309940457344055,29,0.050292398780584335,1,0.9542483687400818,4.666666507720947,1854,1,13
289,0.7852026224136353,0.7740963697433472,262,0.6355421543121338,8,0.04216867312788963,4,0.05722891539335251,1,1,4.5,688,0.8880813717842102,7
428,0.6488528251647949,0.7225130796432495,345,0.4363001883029938,22,0.11169284582138062,20,0.1256544440984726,0,0.4399999976158142,3.5,1172,0.27303755283355713,6
730,0.4477561414241791,0.4841449558734894,438,0.185164213180542,214,0.23895809054374695,29,0.03171008080244064,1,0.7333333492279053,3,2963,0.07627404481172562,2
1319,0.6742048263549805,0.6663385629653931,747,0.32283464074134827,307,0.24852362275123596,50,0.044783465564250946,0,0.90625,4.25,3921,1,5
348,1,0.96875,266,0.5026041865348816,32,0.2838541567325592,18,0.0833333358168602,1,0.25999999046325684,4,559,1,2
365,0.7211448550224304,0.6247544288635254,277,0.35166993737220764,38,0.14341846108436584,16,0.10216110199689865,0,0.6413043737411499,4.333333492279053,952,1,3
241,0.7340491414070129,0.7914285659790039,154,0.4114285707473755,0,0.034285712987184525,69,0.25999999046325684,1,1,4.5,634,1,3
140,0.5997572541236877,0.8349999785423279,95,0.49000000953674316,24,0.07000000029802322,11,0.23999999463558197,0,0.12765957415103912,4,412,1,1
116,0.5274490118026733,0.5170731544494629,86,0.3707317113876343,4,0.11219511926174164,13,0.024390242993831635,0,0.5,4.666666507720947,420,1,3
126,0.7206501960754395,0.807947039604187,97,0.6158940196037292,5,0.0794702023267746,19,0.05298013240098953,1,1,5,352,1,1
401,0.6884999871253967,0.6291161179542542,213,0.2876949608325958,12,0.05545927211642265,16,0.25649914145469666,1,1,4.333333492279053,1128,1,5
174,0.30161499977111816,0.5252225399017334,147,0.357566773891449,11,0.06973293423652649,14,0.06973293423652649,1,0.9931034445762634,5,1194,1,4
367,0.5130759477615356,0.5572609305381775,273,0.34592679142951965,8,0.04250295087695122,43,0.14639905095100403,1,0.9823788404464722,5,1478,1,7
386,0.5219781994819641,0.5206043720245361,101,0.22939559817314148,0,0.13324175775051117,194,0.09203296899795532,1,1,5,1536,1,4
756,0.7497954964637756,0.5730336904525757,480,0.2415730357170105,66,0.19261637330055237,74,0.037720706313848495,0,0.6814159154891968,4.599999904632568,1973,0.7567156553268433,5
284,0.6729279160499573,0.6980769038200378,219,0.5192307829856873,5,0.07692307978868484,13,0.05000000074505806,0,1,5,940,1,2
65,0.5885436534881592,0.6395348906517029,50,0.3720930218696594,1,0.06976744532585144,8,0.1627907007932663,0,0,4,244,1,1
631,0.6315997242927551,0.819428563117981,293,0.3337142765522003,25,0.12228571623563766,267,0.32685714960098267,1,0.6875,3.3333332538604736,1824,0.2319078892469406,6
319,1,1,169,0.719298243522644,15,0.1666666716337204,84,0.2763157784938812,1,0.5555555820465088,4.5,514,1,3
57,0.7327823638916016,0.8333333134651184,57,0.8030303120613098,0,0,0,0,1,1,5,132,1,1
387,0.6096150875091553,0.5768024921417236,265,0.3714733421802521,1,0.029780564829707146,92,0.15047021210193634,0,0.7165354490280151,5,1082,1,9
196,0.5025103688240051,0.5670391321182251,160,0.3854748606681824,6,0.03910614550113678,10,0.09776536375284195,1,1,4.5,740,1,6
135,0.5299028754234314,0.5255101919174194,94,0.5,0,0,25,0,1,0.970588207244873,5,437,1,4
222,0.5771810412406921,0.5363408327102661,166,0.36591479182243347,1,0.055137842893600464,28,0.1077694222331047,1,1,4.75,739,1,4
184,0.4742070138454437,0.35543766617774963,152,0.3103448152542114,0,0.018567638471722603,5,0.01326259970664978,1,1,4.75,629,1,4
44,0.7664869427680969,0.843137264251709,40,0.6078431606292725,3,0.1568627506494522,1,0.019607843831181526,1,0.7142857313156128,5,103,1,2
105,0.61719810962677,0.7123287916183472,96,0.664383590221405,0,0.013698630034923553,7,0.013698630034923553,1,0.6341463327407837,5,311,1,5
211,0.6781178116798401,0.7740863561630249,175,0.5813953280448914,16,0.10631228983402252,4,0.04651162773370743,1,0.8586956262588501,5,560,1,4
127,0.5621155500411987,0.6558139324188232,119,0.4232558012008667,2,0,3,0.19069766998291016,1,1,5,434,1,1
83,0.4803188145160675,0.6475409865379333,75,0.5,4,0.05737704783678055,2,0.07377049326896667,1,1,4,263,1,2
144,0.5803351998329163,0.7412280440330505,114,0.6359649300575256,6,0.017543859779834747,11,0.05701754242181778,1,1,5,493,1,1
228,0.6690078377723694,0.7734375,215,0.6432291865348816,5,0.1015625,5,0.01822916604578495,1,1,4.400000095367432,750,1,5
146,0.5897251963615417,0.6255707740783691,136,0.45205479860305786,2,0.14155250787734985,2,0.013698630034923553,0,0.5094339847564697,5,527,1,3
213,0.6597328186035156,0.7348993420600891,200,0.43959730863571167,2,0.2214765101671219,2,0.06040268391370773,0,0.6865671873092651,5,684,1,5
439,0.6131667494773865,0.5253623127937317,402,0.39613527059555054,7,0.03864734247326851,12,0.047101449221372604,0,0.8401826620101929,5,1573,1,4
89,0.617819607257843,1,83,0.8702290058135986,1,0.007633587811142206,3,0.007633587811142206,1,1,5,320,1,1
343,0.5070086121559143,0.5080057978630066,222,0.3260553181171417,0,0.03639010339975357,66,0.08588063716888428,1,0.9644970297813416,5,1369,1,7
251,0.3582594394683838,0.5204216241836548,177,0.28985506296157837,6,0.03689064458012581,58,0.1198946014046669,1,0.9491525292396545,5,1337,1,12
107,0.44977620244026184,0.502109706401825,53,0.25738397240638733,10,0.04641350358724594,19,0.16877637803554535,0,0.3799999952316284,5,453,1,5
302,0.5162314772605896,0.6811594367027283,157,0.34989649057388306,23,0.1304347813129425,43,0.14492753148078918,0,0.6168224215507507,4.800000190734863,1150,1,5
346,0.46033912897109985,0.5109170079231262,172,0.23144105076789856,12,0.06404657661914825,51,0.1877729296684265,0,0.8467742204666138,5,1382,1,11
389,0.40835192799568176,0.6019845604896545,200,0.3252480626106262,26,0.06615214794874191,100,0.16538037359714508,1,0.9955357313156128,5,2100,1,12
366,0.5025649070739746,0.6440678238868713,223,0.45621469616889954,16,0.10169491171836853,49,0.04237288236618042,1,1,5,1716,1,10
711,0.7798169255256653,0.7146145105361938,480,0.3337169289588928,90,0.23935557901859283,78,0.10241656750440598,1,1,4,1637,0.27061697840690613,6
204,0.4516713619232178,0.419222891330719,162,0.2781186103820801,18,0.0920245423913002,13,0.03885480388998985,0,0.8333333134651184,4.333333492279053,766,0.729764997959137,11
212,0.8798007369041443,0.9949748516082764,143,0.5226130485534668,8,0.25628140568733215,47,0.19597989320755005,1,0.7777777910232544,4,386,0.4663212299346924,9
395,0.6838639974594116,0.6410256624221802,285,0.3424908518791199,26,0.13553114235401154,22,0.11538461595773697,0,0.8118811845779419,4.5,1029,1,4
181,0.5662909746170044,0.5517241358757019,36,0.17931035161018372,0,0.01034482754766941,139,0.35862070322036743,1,1,4,615,1,1
281,0.1971205174922943,0.174027681350708,183,0.08174027502536774,45,0.030323006212711334,20,0.04680290073156357,1,0.6086956262588501,4,2491,0.8342031240463257,5
675,0.9204357266426086,0.7705521583557129,475,0.3656441569328308,107,0.1852760761976242,56,0.16809816658496857,1,0.8985507488250732,3.6666667461395264,1325,0.47396227717399597,5
92,0.46569710969924927,0.46721312403678894,76,0.3196721374988556,5,0.07786884903907776,4,0.032786883413791656,1,1,4,319,1,2
159,0.7765002250671387,0.7210526466369629,145,0.6157894730567932,2,0.02631578966975212,4,0.03684210404753685,1,1,4.333333492279053,336,1,3
217,0.5034521222114563,0.5935960412025452,135,0.34729063510894775,9,0.041871920228004456,33,0.17241379618644714,1,0.9750000238418579,4.5,743,1,4
396,0.8336514830589294,0.9501779079437256,377,0.19750890135765076,2,0.0017793594161048532,0,0.304270476102829,1,0.9788359999656677,5,1044,1,5
421,0.4466657340526581,0.4440993666648865,361,0.36438924074172974,8,0.042443063110113144,0,0.013457557186484337,1,0.8983050584793091,5,1843,1,6
199,0.4499841034412384,0.6900269389152527,181,0.4150943458080292,9,0.21563342213630676,6,0.021563341841101646,0,0,5,796,1,6
234,0.5699625611305237,0.5390244126319885,215,0.46097561717033386,7,0.03658536449074745,12,0.014634146355092525,1,1,5,826,1,6
164,0.282671183347702,0.5384615659713745,139,0.3542039394378662,6,0.057245079427957535,9,0.026833631098270416,1,1,5,1178,1,2
117,0.48559197783470154,0.5810810923576355,105,0.45495495200157166,2,0.036036036908626556,1,0.04954954981803894,0,0.46000000834465027,5,498,1,4
58,0.486415296792984,0.5094339847564697,57,0.49056604504585266,0,0.009433962404727936,0,0.009433962404727936,1,1,5,268,1,3
1134,0.02146916277706623,0.0259135402739048,722,0.010785635560750961,217,0.012081312946975231,66,0.0021536252461373806,1,0.626086950302124,3,88205,0.005929369013756514,7
354,0.43058955669403076,0.4941301941871643,198,0.17289221286773682,1,0.17289221286773682,125,0.12379936128854752,0,0.8873239159584045,5,1717,1,7
201,0.27797412872314453,0.6698240637779236,68,0.4451962113380432,0,0.009472260251641273,113,0.17185385525226593,1,1,5,1495,1,3
88,0.6466606259346008,0.7760000228881836,77,0.42399999499320984,4,0.24799999594688416,2,0.03200000151991844,1,1,4,221,1,1
264,0.6132227182388306,0.6639785170555115,217,0.4838709533214569,15,0.08602150529623032,11,0.04301075264811516,0,0.19685038924217224,4.333333492279053,625,1,3
117,0.6250102519989014,0.6568047404289246,87,0.44378697872161865,7,0.047337278723716736,17,0.15976330637931824,1,1,4,332,1,2
137,0.6482700705528259,0.7354497313499451,105,0.5873016119003296,3,0.05820105969905853,19,0.07407407462596893,1,1,4.333333492279053,376,1,3
95,0.7018526196479797,0.6666666865348816,78,0.6078431606292725,2,0,10,0.05882352963089943,1,1,4,307,1,2
156,0.7403321862220764,0.6406926512718201,141,0.5584415793418884,2,0.051948051899671555,4,0.025974025949835777,1,1,4.199999809265137,425,1,5
98,0.9082583785057068,1,63,0.704081654548645,0,0.09183673560619354,33,0.19387754797935486,1,1,4.5,174,1,2
134,0.7096774578094482,0.6497696042060852,83,0.3317972421646118,11,0.08294931054115295,33,0.20276497304439545,0,0,4,335,1,1
168,0.7845226526260376,0.8810811042785645,150,0.7135134935379028,2,0.037837836891412735,7,0.07567567378282547,1,1,4.333333492279053,363,1,3
477,0.6742987036705017,0.6352624297142029,176,0.24495288729667664,14,0.052489906549453735,251,0.3001345992088318,1,0.6710526347160339,4.777777671813965,1540,1,13
135,0.5973101854324341,0.67136150598526,48,0.26760563254356384,7,0.13145539164543152,64,0.24413146078586578,1,1,4.333333492279053,460,1,7
378,0.5572212338447571,0.5867347121238708,243,0.3027210831642151,17,0.09013605117797852,90,0.18197278678417206,0,0.8392857313156128,4.25,1270,1,13
517,0.6824585795402527,0.7119113802909851,233,0.3088642656803131,29,0.07340720295906067,217,0.29501384496688843,0,0.471615731716156,4,1426,0.6444600224494934,5
177,0.5500460267066956,0.577049195766449,74,0.43278688192367554,2,0.03934426233172417,89,0.08524589985609055,1,1,5,748,1,8
856,0.7685069441795349,0.6792452931404114,254,0.11156685650348663,99,0.09844134747982025,417,0.44134536385536194,1,1,4,1957,0.2473173290491104,6
600,0.8987710475921631,0.7943548560142517,349,0.3561827838420868,94,0.26075267791748047,113,0.16263440251350403,1,0.5882353186607361,3,1212,0.2887788712978363,4
628,1,1,270,0.5752426981925964,35,0.2063106745481491,272,0.6237863898277283,1,0.7707509994506836,3.75,1148,0.907665491104126,7
262,0.8460739850997925,0.7678018808364868,147,0.28173375129699707,36,0.22910216450691223,66,0.2476780116558075,1,0.38461539149284363,3,599,0.3322203755378723,2
522,0.6774782538414001,0.7913165092468262,278,0.3949579894542694,3,0.03501400724053383,226,0.3263305425643921,0,0.7760416865348816,4.5714287757873535,1671,1,8
405,0.6906061768531799,0.6880415678024292,269,0.4384748637676239,6,0.020797226577997208,117,0.2010398656129837,1,0.6594203114509583,4,1148,0.7778745889663696,5
370,0.8977609872817993,0.7837209105491638,151,0.3279069662094116,2,0.01860465109348297,191,0.42093023657798767,0,0.6608695387840271,4.454545497894287,866,0.957274854183197,14
351,0.52703857421875,0.4178885519504547,227,0.23900292813777924,1,0.013196481391787529,98,0.16275659203529358,1,0.78125,4.9375,1396,1,14
209,0.75895756483078,0.8007380366325378,145,0.4428044259548187,0,0.06642066687345505,61,0.27306273579597473,1,0.9833333492279053,4,559,1,2
261,0.9256322979927063,0.898692786693573,89,0.33986929059028625,0,0.003267973894253373,172,0.5522875785827637,1,0.4921875,4.25,565,1,4
146,0.7593940496444702,0.7623762488365173,59,0.3465346395969391,0,0.019801979884505272,82,0.3762376308441162,1,0.5918367505073547,4.714285850524902,419,1,8
297,0.9531407356262207,0.8990825414657593,153,0.46177369356155396,1,0,140,0.43119266629219055,1,0.967391312122345,5,645,1,7
468,0.033774178475141525,0.03812277317047119,221,0.01048880536109209,78,0.013514421880245209,132,0.01277482695877552,1,0.5833333134651184,4,26526,0.009575510397553444,7
998,0.7557014226913452,0.7199715971946716,288,0.11442785710096359,63,0.10092394798994064,528,0.47690120339393616,1,0.6987951993942261,3.5,2940,0.2479591816663742,6
448,0.3844519555568695,0.3419833183288574,172,0.10287302732467651,15,0.05468025803565979,214,0.17238183319568634,0,0.835106372833252,4,2301,0.28900477290153503,6
537,0.24012333154678345,0.23996470868587494,207,0.0855756476521492,15,0.030877811834216118,303,0.11865901947021484,1,1,4,4399,0.07933621108531952,6
431,0.8300936222076416,0.570270299911499,180,0.18783783912658691,24,0.06621621549129486,187,0.2986486554145813,1,0.9909909963607788,4.400000095367432,1078,1,5
329,0.5950031280517578,0.5087719559669495,88,0.07814992219209671,7,0.020733652636408806,208,0.39234450459480286,0,0.6185566782951355,4.5,1066,1,4
284,0.6874793767929077,0.640586793422699,164,0.32518336176872253,23,0.1393643021583557,87,0.15647922456264496,1,0.5894736647605896,4.25,725,0.6386206746101379,5
383,0.5222893357276917,0.5734265446662903,264,0.4097902178764343,16,0.0419580414891243,87,0.0923076942563057,0,0.6547619104385376,5,1422,1,5
236,0.3426400125026703,0.7288401126861572,74,0.2664576768875122,33,0.16927899420261383,121,0.2523511052131653,0,0.3799999952316284,3.799999952316284,1248,0.4455128312110901,5
250,0.5634812116622925,0.6082724928855896,82,0.2457420974969864,11,0.05596106871962547,133,0.2846715450286865,1,0.5288461446762085,4.666666507720947,926,1,3
802,0.6390983462333679,0.47734734416007996,432,0.17071568965911865,89,0.09914641827344894,199,0.17334209382534027,1,0.9714285731315613,3.8888888359069824,2356,0.2716468572616577,10
418,0.7389061450958252,0.6003372669219971,115,0.13827992975711823,23,0.10792580246925354,239,0.3086003363132477,1,1,4.888888835906982,1139,1,11
656,0.9045382738113403,0.7286036014556885,203,0.17680180072784424,28,0.08896396309137344,342,0.42004504799842834,1,0.9904305934906006,4.785714149475098,1408,1,14
763,1,0.8518072366714478,242,0.3108433783054352,2,0.01807228848338127,475,0.48433735966682434,0,0.1986531913280487,3.5,1745,0.3031518757343292,4
273,0.5747592449188232,0.4377289414405823,75,0.1538461595773697,1,0.012820512987673283,176,0.2490842491388321,0,0.6666666865348816,4.857142925262451,949,1,14
355,0.5830469727516174,0.6229507923126221,231,0.3715847134590149,0,0.009107467718422413,123,0.23497267067432404,1,0.8046875,4.5,1112,1,11
191,0.6569553017616272,0.5849802494049072,94,0.3596837818622589,0,0,86,0.22134387493133545,1,0.8970588445663452,4.333333492279053,494,1,4
256,1,0.8629032373428345,130,0.39919355511665344,0,0.02822580561041832,109,0.4193548262119293,1,1,4.666666507720947,467,1,4
288,0.7316259145736694,0.7973684072494507,136,0.2210526317358017,18,0.07894736528396606,100,0.4368421137332916,0,0.13592232763767242,4,747,0.5823293328285217,4
235,0.6130043268203735,0.6100795865058899,122,0.25464192032814026,6,0.06366048008203506,99,0.2811671197414398,0,0.6634615659713745,4.5,724,1,4
284,0.7078531980514526,0.6304348111152649,163,0.21195651590824127,20,0.0625,80,0.301630437374115,1,0.8918918967247009,4.5,835,1,6
490,0.6870032548904419,0.5364865064620972,305,0.20675675570964813,17,0.07567567378282547,103,0.21486486494541168,1,0.994413435459137,4.333333492279053,1446,1,3
303,0.7246496677398682,0.7174515128135681,151,0.13296398520469666,13,0.060941826552152634,106,0.4736842215061188,1,0.7525773048400879,3.799999952316284,804,0.746268630027771,6
624,0.8448712825775146,0.6602176427841187,289,0.14147521555423737,60,0.1172914132475853,181,0.3639661371707916,1,0.9593495726585388,4.285714149475098,1471,0.5649217963218689,8
836,0.7693450450897217,0.5868028402328491,443,0.2120974063873291,31,0.05263157933950424,299,0.2867242693901062,1,0.6800000071525574,4.4285712242126465,2385,1,9
458,1,0.8619329333305359,257,0.48126232624053955,2,0.009861933067440987,183,0.35305720567703247,1,0.8305084705352783,4.199999809265137,845,1,14
139,0.7304622530937195,0.7531380653381348,72,0.3305439352989197,0,0.016736401244997978,65,0.3933054506778717,1,0.9074074029922485,4.5,452,1,2
653,0.8064295649528503,0.8287596106529236,297,0.45334798097610474,0,0.007683863863348961,345,0.36443468928337097,0,0.8656716346740723,4.599999904632568,1728,1,4
60,0.5065444111824036,0.5233644843101501,55,0.37383177876472473,0,0.018691588193178177,5,0.10280373692512512,1,0.9411764740943909,5,306,1,3
837,0.07847832143306732,0.073618583381176,322,0.020838670432567596,173,0.018191134557127953,273,0.030574770644307137,1,0.5251798629760742,3.4285714626312256,19776,0.04227346181869507,7
547,0.9436344504356384,0.644444465637207,319,0.36666667461395264,52,0.13650794327259064,44,0.11587301641702652,0,0.4615384638309479,4,1114,0.6014362573623657,7
531,0.7483025193214417,0.6347606778144836,310,0.30226701498031616,36,0.04408060386776924,135,0.26448363065719604,1,1,4.666666507720947,1518,1,8
517,0.8470522165298462,0.7594727873802185,258,0.2883031368255615,94,0.1943986862897873,113,0.2372322827577591,1,0,3.142857074737549,1216,0.14391447603702545,7
744,0.4095519185066223,0.3837147355079651,423,0.19957424700260162,9,0.015433741733431816,291,0.156998410820961,0,0.15343914926052094,4.857142925262451,3878,0.16606497764587402,14
262,0.4506342113018036,0.39408865571022034,73,0.1625615805387497,8,0.01149425283074379,133,0.18719211220741272,0,0.7711864113807678,4.733333110809326,1331,1,14
1019,0.18756234645843506,0.19117647409439087,506,0.07370658963918686,135,0.05333097279071808,303,0.05616584047675133,0,0.4431818127632141,3.5714285373687744,9859,0.10132873803377151,8
300,0.5288751721382141,0.5365448594093323,111,0.21594683825969696,5,0,177,0.31561461091041565,1,0.8984375,4.666666507720947,1196,0.9590300917625427,11
101,0.7518479824066162,0.8839285969734192,30,0.1696428507566452,0,0.0714285746216774,68,0.6339285969734192,1,0.8918918967247009,4.75,307,1,6
738,1.8588839769363403,1.9584416151046753,325,0.34545454382896423,73,0.3974025845527649,268,1.1090909242630005,0,0.16483516991138458,3.75,744,0.39919355511665344,6
310,0.5449827909469604,0.5518617033958435,167,0.269946813583374,28,0.0731382966041565,96,0.17952127754688263,1,0.12389380484819412,3.4000000953674316,1233,0.1492295265197754,6
897,0.6593509912490845,0.5066744089126587,402,0.19210678339004517,135,0.12768426537513733,294,0.1654091626405716,1,0.06521739065647125,3.75,2795,0.18962432444095612,6
624,0.6228042840957642,0.692307710647583,306,0.268767386674881,12,0.1417979598045349,254,0.2409638613462448,1,0.9099099040031433,4,2202,1,3
281,0.37071260809898376,0.36172693967819214,155,0.18903151154518127,3,0.002333722310140729,110,0.16102683544158936,1,0.2210526317358017,4.166666507720947,1501,0.8107928037643433,11
571,0.40409085154533386,0.5475819110870361,361,0.2831513285636902,54,0.10842433571815491,80,0.1372854858636856,0,0.6693227291107178,3.8181817531585693,2832,0.762005627155304,13
160,0.7604057788848877,0.8090452551841736,133,0.6281406879425049,1,0.035175878554582596,19,0.12562814354896545,0,0.019999999552965164,5,424,1,1
275,0.633714497089386,0.5290697813034058,122,0.1899224817752838,0,0,152,0.3217054307460785,0,0.8939393758773804,5,944,1,7
853,0.10758701711893082,0.09750144928693771,426,0.038814641535282135,167,0.034166183322668076,219,0.021963974460959435,0,0.5,4.400000095367432,16028,0.03799600526690483,5
626,0.08174220472574234,0.057056330144405365,347,0.029073288664221764,83,0.012961841188371181,99,0.012840702198445797,1,0.932692289352417,4,15480,0.003940568305552006,2
185,0.6717183589935303,0.6278316974639893,143,0.5404530763626099,34,0.06472492218017578,1,0.012944984249770641,1,1,4,656,1,1
486,0.479318767786026,0.3737051784992218,166,0.2525896430015564,102,0.03187251091003418,86,0.0494023896753788,1,0.9934425950050354,5,2239,1,6
377,0.41898736357688904,0.5393374562263489,200,0.3964803218841553,76,0.04865424335002899,21,0.018633540719747543,1,1,5,1877,1,4
319,0.7969235777854919,0.7756756544113159,208,0.454054057598114,40,0.2540540397167206,17,0.029729729518294334,1,1,5,857,1,3
721,0.8546140789985657,0.8264563083648682,506,0.4417475759983063,111,0.25849515199661255,44,0.0776699036359787,1,0.8115183115005493,4.199999809265137,1585,1,5
422,0.9176644086837769,0.8279352188110352,305,0.5769230723381042,14,0.15182186663150787,19,0.036437246948480606,1,1,4.25,900,1,4
573,0.3858889043331146,0.44128328561782837,411,0.3002421259880066,66,0.09927360713481903,50,0.024818401783704758,0,0.3333333432674408,4.5,2715,0.1742173135280609,12
577,0.6519330739974976,0.6283566355705261,360,0.3372717499732971,133,0.22878624498844147,70,0.044038668274879456,1,0.40425533056259155,4,1611,0.38050898909568787,4
479,0.4664258658885956,0.6207864880561829,361,0.4232209622859955,40,0.10486891120672226,35,0.01498127356171608,0,0.9126637578010559,4.909090995788574,1973,1,11
839,0.07607113569974899,0.0664532333612442,477,0.029419399797916412,253,0.027775373309850693,30,0.006489573512226343,0,0,3,19804,0.021207837387919426,2
486,0.8425666689872742,0.7349593639373779,398,0.5040650367736816,40,0.14146341383457184,13,0.056910570710897446,1,0.29807692766189575,3.5,1064,0.41165414452552795,2
125,0.41798800230026245,0.5784615278244019,81,0.2769230902194977,1,0.03076923079788685,42,0.11999999731779099,1,1,5,641,1,2
749,0.8097890019416809,0.8257731795310974,539,0.5195876359939575,111,0.19690722227096558,28,0.052577320486307144,1,0.40265485644340515,4.25,1767,1,4
577,0.6641252636909485,0.6217070817947388,252,0.2802950441837311,39,0.08535300195217133,30,0.1991570144891739,1,0.9052132964134216,4.5,1891,1,4
696,0.33943459391593933,0.3674185574054718,512,0.21804511547088623,27,0.09724310785531998,94,0.03709273040294647,0,0.9023255705833435,4.833333492279053,4490,1,3
532,0.6522588729858398,0.6889804601669312,456,0.4891864061355591,13,0.15242017805576324,5,0.012358393520116806,1,1,5,1581,1,5
317,0.9162806868553162,0.8920308351516724,224,0.6401028037071228,21,0.18766066431999207,29,0.010282776318490505,1,1,5,706,1,3
693,0.723979651927948,0.6582768559455872,314,0.35624393820762634,36,0.07744433730840683,156,0.17812196910381317,1,0.9657794833183289,5,1960,1,14
529,0.5931175947189331,0.5166320204734802,238,0.3004158139228821,27,0.09459459781646729,181,0.09667360037565231,0,0.8977272510528564,5,1732,1,14
177,0.424486368894577,0.5278970003128052,96,0.3991416394710541,36,0.06008583679795265,1,0.02360515110194683,1,0.9871794581413269,5,860,1,2
391,0.43456587195396423,0.6608455777168274,245,0.33180147409439087,22,0.23161764442920685,14,0.018382353708148003,1,0.9969969987869263,5,1924,1,6
271,0.6326766610145569,0.6795699000358582,161,0.40215054154396057,34,0.10752688348293304,30,0.12473118305206299,0,0.7916666865348816,4.333333492279053,942,0.9819532632827759,13
465,0.8136653900146484,0.6641337275505066,294,0.2750760018825531,40,0.22796352207660675,57,0.09422492235898972,1,0.9836065769195557,4.4285712242126465,1141,0.7607361674308777,7
827,1,0.9588015079498291,608,0.5892634391784668,95,0.227215975522995,27,0.07116104662418365,1,1,4.900000095367432,1536,1,12
593,0.27175790071487427,0.370400995016098,355,0.20380322635173798,68,0.05704836547374725,77,0.07110375910997391,1,0.44011977314949036,4.480000019073486,4751,0.9764260053634644,14
690,0.6695960164070129,0.623552143573761,366,0.31660231947898865,69,0.10907335579395294,215,0.16795367002487183,1,0.790243923664093,4.625,2070,1,8
581,0.5107106566429138,0.6302118897438049,361,0.3629528284072876,12,0.03622693195939064,119,0.19958987832069397,1,1,4.866666793823242,2390,1,14
365,0.5873594284057617,0.6497764587402344,286,0.4470939040184021,19,0.04470938816666603,39,0.12667660415172577,1,0.8510638475418091,5,1284,1,6
144,0.2872856557369232,0.5491228103637695,66,0.36315789818763733,18,0.07192982733249664,55,0.09473684430122375,1,0.8737863898277283,4.599999904632568,1098,0.9444444179534912,14
759,0.6567322611808777,0.7123809456825256,546,0.4828571379184723,74,0.10000000149011612,49,0.09142857044935226,0,0.9652509689331055,4.714285850524902,2399,1,9
862,0.4343321621417999,0.43393537402153015,558,0.21435360610485077,93,0.1749049425125122,137,0.02376425825059414,1,0.6804123520851135,3.8333332538604736,3980,0.9198492169380188,6
342,0.6187999844551086,0.6185064911842346,304,0.4107142984867096,11,0.06168831139802933,17,0.11363636702299118,1,0.9915966391563416,4.833333492279053,956,1,8
356,0.5425771474838257,0.5097275972366333,252,0.3839170038700104,14,0.011673151515424252,62,0.0959792509675026,1,0.8387096524238586,5,1338,1,11
475,0.5867919325828552,0.6486199498176575,289,0.4511677324771881,6,0.037154991179704666,94,0.1082802563905716,1,0.9748743772506714,5,1698,1,8
307,0.44616055488586426,0.5638450384140015,231,0.3256814777851105,8,0.21377331018447876,51,0.020086083561182022,1,0.9933333396911621,4.666666507720947,1411,1,6
236,0.4300490617752075,0.5111111402511597,222,0.364814817905426,11,0.10740740597248077,2,0.0018518518190830946,1,0.71875,4.5,1242,1,5
537,0.5439592003822327,0.6883910298347473,275,0.30346232652664185,131,0.02545824833214283,9,0.33299389481544495,1,0.9930070042610168,5,1888,1,5
725,0.13376881182193756,0.12491992115974426,438,0.046925049275159836,187,0.06710442155599594,62,0.008167841471731663,1,0.006269592326134443,3.5,9953,0.01155430544167757,2
705,0.7731029987335205,0.5428276658058167,514,0.31682145595550537,61,0.08668730407953262,40,0.07533539831638336,0,0.7228915691375732,4.5,2050,1,5
465,0.4554719030857086,0.4618573784828186,301,0.2951907217502594,87,0.10447761416435242,45,0.04394693300127983,1,0.7301037907600403,4,2152,1,3
640,0.4973146319389343,0.5296323895454407,442,0.35483869910240173,73,0.12228056788444519,54,0.03525881469249725,0,0.8757764101028442,4.5714287757873535,2285,0.5457330346107483,8
553,0.7312860488891602,0.6982872486114502,367,0.5059288740158081,32,0.0830039530992508,81,0.08036890625953674,0,0.8510638475418091,4.75,1523,1,4
340,0.6465375423431396,0.6712962985038757,208,0.5138888955116272,10,0.05787036940455437,32,0.0347222238779068,1,0.9924242496490479,5,1173,1,3
638,1,0.6567425727844238,293,0.48511382937431335,33,0.0823117345571518,59,0.05779334530234337,1,0.6451612710952759,4.25,1062,0.6836158037185669,4
782,0.6082141399383545,0.5789473652839661,567,0.3486842215061188,118,0.13733552396297455,42,0.06332236528396606,1,0.6435185074806213,4.5,2702,1,4
599,0.3360583782196045,0.29159802198410034,406,0.15650741755962372,94,0.0856672152876854,48,0.03459637612104416,0,0.2432432472705841,4.333333492279053,3676,1,3
530,0.567066490650177,0.6991150379180908,387,0.6184857487678528,6,0.019665682688355446,5,0.023598819971084595,0,0.8664383292198181,5,1975,1,4
275,0.5490118265151978,0.5538461804389954,195,0.32307693362236023,37,0.13076923787593842,10,0.07115384936332703,1,1,4.833333492279053,1049,1,6
381,0.637957751750946,0.6315789222717285,232,0.3699248135089874,101,0.1473684161901474,3,0.021052632480859756,1,1,4.800000190734863,1137,1,5
534,0.4997407793998718,0.6170395612716675,424,0.4552495777606964,15,0.08691910654306412,57,0.044750429689884186,0,0.884353756904602,4.75,2126,1,8
469,0.669772744178772,0.6634213924407959,279,0.42837274074554443,11,0.06397774815559387,105,0.13073714077472687,0,0.5948718190193176,5,1416,1,14
389,0.6490678787231445,0.6550765037536621,339,0.49095967411994934,13,0.0890125185251236,12,0.03894297778606415,1,0.9801980257034302,5,1317,1,7
714,0.7228532433509827,0.8268656730651855,457,0.5174129605293274,27,0.11044776439666748,149,0.1582089513540268,1,0.8439716100692749,4.699999809265137,1868,0.44379013776779175,10
636,0.7038959860801697,0.8670820593833923,477,0.6583592891693115,32,0.1007268950343132,27,0.030114226043224335,1,0.8372092843055725,5,1800,1,6
440,0.41853487491607666,0.4936034083366394,330,0.35501065850257874,11,0.05330490320920944,30,0.03411513939499855,0,0.7696629166603088,5,2101,1,2
604,0.6977629065513611,0.6699346303939819,389,0.3932461738586426,84,0.14705882966518402,44,0.09803921729326248,0,0.5856353640556335,4,1697,0.5533294081687927,5
425,1,0.6887417435646057,252,0.3509933650493622,18,0.11589404195547104,59,0.15728476643562317,1,0.8037382960319519,4.666666507720947,1108,0.9693140983581543,14
209,1,0.6968749761581421,150,0.4281249940395355,6,0.11249999701976776,13,0.10625000298023224,1,1,5,347,1,2
418,0.7015203237533569,0.6770293712615967,276,0.34887737035751343,93,0.2625215947628021,6,0.018998272716999054,0,0.24242424964904785,4,1196,0.46989965438842773,6
385,0.7062196731567383,0.5364741683006287,235,0.3358662724494934,88,0.0881458967924118,10,0.05623100325465202,1,1,4,1016,0.7086614370346069,4
579,0.7058224678039551,0.6701631546020508,321,0.28321677446365356,79,0.24125874042510986,6,0.026806525886058807,0,0.8195876479148865,4,1619,1,7
464,0.5703253746032715,0.5958486199378967,227,0.2905983030796051,146,0.17582418024539948,29,0.050061050802469254,1,0.6034482717514038,3.5,1628,0.7794840335845947,2
487,0.6419421434402466,0.797397792339325,372,0.3698884844779968,19,0.15055762231349945,9,0.11152416467666626,1,0.28776979446411133,3.75,1477,0.3452945053577423,4
738,0.8477274179458618,0.6907894611358643,562,0.4232456088066101,43,0.1743421107530594,9,0.025219298899173737,0,0.3090277910232544,4.75,1907,1,4
793,0.12933698296546936,0.16649246215820312,559,0.057339105755090714,141,0.05629386380314827,18,0.01776915043592453,0,0.3333333432674408,3.25,11084,0.03202814981341362,10
752,0.7089610695838928,0.6640488505363464,610,0.31239092350006104,46,0.2696335017681122,42,0.03664921596646309,1,0.5027027130126953,4.199999809265137,1945,0.4776349663734436,13
486,0.6880582571029663,0.6675291061401367,376,0.36222508549690247,26,0.23285898566246033,30,0.03880983218550682,1,0.4107142984867096,4.666666507720947,1394,0.6377331614494324,10
385,0.5790535807609558,0.6671328544616699,326,0.4000000059604645,3,0.23356643319129944,6,0.015384615398943424,0,0.8164557218551636,4.4285712242126465,1339,0.7991037964820862,7
773,0.7765378952026367,0.8715139627456665,601,0.4741035997867584,46,0.31175297498703003,88,0.050796814262866974,1,0.45370370149612427,4.666666507720947,2029,0.3311976194381714,9
271,0.6205942630767822,0.6712018251419067,220,0.46258503198623657,4,0.10657596588134766,35,0.07709750533103943,1,0.9829059839248657,5,919,1,6
645,0.6783843636512756,0.8452380895614624,563,0.420634925365448,18,0.16931216418743134,16,0.17989417910575867,1,0.2321428507566452,4,1833,0.39388978481292725,7
439,0.5951959490776062,0.8078902363777161,394,0.5677530169487,3,0.06346483528614044,33,0.15265865623950958,1,0.8700000047683716,4.333333492279053,1680,0.9154762029647827,14
419,0.7294628620147705,0.6401446461677551,386,0.426763117313385,3,0.11754068732261658,0,0.012658228166401386,1,0.9387755393981934,4.875,1331,1,9
491,0.6558133959770203,0.6401515007019043,466,0.34090909361839294,15,0.1540404111146927,0,0.013888888992369175,1,1,4.75,1676,1,9
360,0.6360651254653931,0.6146435737609863,286,0.3025048077106476,8,0.12716762721538544,4,0.038535647094249725,1,0.868852436542511,5,1287,1,9
141,0.9161550402641296,0.7190476059913635,121,0.41428571939468384,5,0.03333333507180214,0,0.25238096714019775,0,0.4000000059604645,5,390,1,7
190,0.5833420753479004,0.6133720874786377,136,0.4389534890651703,45,0.1627907007932663,1,0.00872093066573143,1,1,5,680,1,8
626,0.6018556356430054,0.6804326176643372,425,0.39921337366104126,103,0.2261553555727005,23,0.025565387681126595,0,0.8290155529975891,5,2136,1,11
273,0.9867683053016663,1.6130434274673462,120,0.752173900604248,43,0.5043478012084961,95,0.2130434811115265,0,0.9200000166893005,5,578,1,13
324,0.6519070863723755,0.6598513126373291,153,0.39962825179100037,75,0.17100371420383453,64,0.06505576521158218,1,0.9468085169792175,5,1064,1,4
182,0.7386792898178101,0.7559999823570251,164,0.5960000157356262,14,0.14000000059604645,2,0.012000000104308128,1,1,4,474,1,5
522,0.5678514838218689,0.6974874138832092,282,0.28944724798202515,57,0.16683417558670044,150,0.21407034993171692,0,0.7733333110809326,4.400000095367432,1778,1,5
437,0.5252671241760254,0.6285310983657837,395,0.2259887009859085,10,0.24011299014091492,8,0.1285310685634613,1,1,4.666666507720947,1544,1,6
313,0.6661877036094666,0.7149028182029724,262,0.2958963215351105,29,0.26565873622894287,14,0.15334773063659668,1,0.49438202381134033,4.666666507720947,779,1,5
529,0.6556533575057983,0.6994285583496094,421,0.4034285843372345,52,0.2240000069141388,32,0.05257142707705498,1,0.9685863852500916,4.75,1497,1,4
122,0.6893967986106873,0.832335352897644,107,0.5508981943130493,10,0.20359280705451965,1,0.053892213851213455,0,0.6153846383094788,4.75,360,1,4
96,0.5871424674987793,0.8391608595848083,86,0.6153846383094788,5,0.16083915531635284,5,0.03496503457427025,0,0.8095238208770752,5,348,1,5
77,0.7097765207290649,0.8100000023841858,66,0.5799999833106995,10,0.20999999344348907,0,0.009999999776482582,0,0,4,179,1,1
435,0.7352666258811951,0.7431372404098511,309,0.4313725531101227,49,0.2549019753932953,15,0.003921568859368563,1,0.9931972622871399,4.5,1010,1,3
627,0.010008594952523708,0.017845841124653816,412,0.0074100373312830925,141,0.008243666961789131,43,0.0016981336520984769,1,1,3,102322,9.382146527059376e-4,2
532,1.619390606880188,1.8757575750350952,320,0.6757575869560242,136,0.9757575988769531,27,0.13636364042758942,1,0.9838709831237793,4.5,619,1,14
380,0.3136534094810486,0.30927833914756775,284,0.15226010978221893,67,0.12529738247394562,22,0.010309278033673763,1,0.6279069781303406,4.615384578704834,1989,0.7028657793998718,14
269,0.4269062876701355,0.4307692348957062,158,0.11888112127780914,81,0.2097902148962021,28,0.07692307978868484,1,0.546875,4.666666507720947,1086,0.9843462109565735,6
323,0.7355220913887024,0.7966101765632629,142,0.1331719160079956,152,0.5544794201850891,20,0.09685230255126953,1,1,4.666666507720947,738,1,6
309,0.6089649796485901,0.6407185792922974,189,0.20558881759643555,85,0.35528942942619324,12,0.05988023802638054,1,0.4838709533214569,4.666666507720947,827,1,6
279,0.7154438495635986,0.8756476640701294,145,0.26165804266929626,116,0.5103626847267151,4,0.062176164239645004,0,0.02083333395421505,5,688,1,6
195,0.3083565831184387,0.3448275923728943,100,0.0794602707028389,65,0.20539730787277222,22,0.040479760617017746,1,0.7317073345184326,4.5,1155,1,14
171,0.7219738364219666,0.8926829099655151,108,0.4390243887901306,35,0.3804877996444702,19,0.06829268485307693,0,0,4.5,328,0.3201219439506531,5
400,0.41240352392196655,0.7203481793403625,322,0.5048966407775879,9,0.16104461252689362,9,0.005440696608275175,0,0.6902356743812561,4.909090995788574,2136,1,13
105,0.4546434283256531,0.7395833134651184,82,0.4375,6,0.2916666567325592,4,0.0052083334885537624,1,0.3181818127632141,5,473,1,3
330,0.4920826256275177,0.5918698906898499,279,0.4097560942173004,14,0.11056910455226898,0,0.05528455227613449,1,0.9661017060279846,4.666666507720947,1264,1,3
127,0.6344712376594543,0.7189542651176453,88,0.4575163424015045,19,0.19607843458652496,4,0.006535947788506746,1,1,5,315,1,8
378,0.7207920551300049,0.8230088353157043,301,0.5884955525398254,60,0.190265491604805,2,0.006637168116867542,1,0.2410714328289032,4.333333492279053,846,1,3
143,0.609306812286377,0.629807710647583,87,0.24038460850715637,25,0.25961539149284363,20,0.125,1,0.8611111044883728,4.333333492279053,371,1,3
308,0.5934275984764099,0.6572052240371704,208,0.43449780344963074,5,0.015283842571079731,82,0.17467248439788818,0,0.5,4.5,921,1,5
180,0.5529295206069946,0.5880398750305176,124,0.2458471804857254,29,0.08970099687576294,16,0.22923588752746582,1,0.9800000190734863,4.800000190734863,524,1,7
322,0.6359755992889404,0.7744874954223633,156,0.34851935505867004,81,0.2892938554286957,20,0.09111617505550385,0,0.2142857164144516,4,943,0.370095431804657,3
206,0.696795642375946,0.6907630562782288,175,0.49799197912216187,13,0.1606425642967224,1,0.00401606410741806,1,1,4.599999904632568,489,1,4
238,0.6645215153694153,0.645901620388031,184,0.44262295961380005,27,0.1803278625011444,5,0,0,0.15714286267757416,4,579,1,2
234,0.647678554058075,0.5874999761581421,175,0.4000000059604645,29,0.16249999403953552,5,0.012500000186264515,1,1,5,630,1,2
209,0.7696501016616821,0.9282700419425964,130,0.38396623730659485,31,0.4135020971298218,2,0.06751054525375366,1,1,4.800000190734863,495,1,5
200,0.40621060132980347,0.429193913936615,171,0.2505446672439575,17,0.1590413898229599,1,0.006535947788506746,1,0.3333333432674408,4.75,911,1,6
87,0.6477916240692139,0.61654132604599,66,0.3834586441516876,11,0.21804511547088623,2,0.007518797181546688,1,1,4.666666507720947,230,1,2
102,0.5511979460716248,0.7016128897666931,71,0.33870968222618103,21,0.32258063554763794,1,0.016129031777381897,1,1,4.875,397,1,11
134,0.8426877856254578,0.8362573385238647,121,0.5964912176132202,7,0.20467835664749146,4,0.005847953259944916,1,1,4.75,311,1,7
123,0.5022849440574646,0.4859437644481659,63,0.1204819306731224,14,0.293172687292099,37,0.048192769289016724,1,1,5,535,1,4
93,0.8203274011611938,1,69,0.625,10,0.4134615361690521,11,0.01923076994717121,1,1,5,242,1,6
207,0.7381667494773865,0.9049429893493652,130,0.5133079886436462,45,0.3460076153278351,6,0.022813688963651657,1,1,4,515,1,1
573,0.637346625328064,0.5966135263442993,411,0.16434262692928314,79,0.32968127727508545,53,0.07669322937726974,0,0,3.5,1674,0.09080047905445099,3
412,0.5605376362800598,0.5273311734199524,197,0.14469453692436218,129,0.2926045060157776,12,0.03697749227285385,0,0.15853658318519592,4.388888835906982,1342,0.5834575295448303,14
454,1,0.8988234996795654,265,0.23999999463558197,114,0.47999998927116394,11,0.13411764800548553,1,0.8970588445663452,4.333333492279053,898,0.6046770811080933,4
308,0.5257140398025513,0.5602605938911438,178,0.20846904814243317,105,0.28175896406173706,9,0.05374592915177345,1,0,4,1081,0.10823311656713486,2
86,0.6158125400543213,0.8169013857841492,82,0.5633803009986877,2,0.11267605423927307,0,0.09859155118465424,1,1,4,238,1,1
164,0.6813294291496277,0.9677419066429138,156,0.5161290168762207,6,0.3041474521160126,2,0.04608295112848282,0,0,4,425,1,2
303,0.62620609998703,0.671403169631958,221,0.27531084418296814,35,0.10479573905467987,14,0.2593250572681427,1,1,4.666666507720947,956,1,10
843,1.8867652416229248,2.0547666549682617,603,1.168357014656067,165,0.3569979667663574,35,0.47058823704719543,1,1,4.25,826,1,7
672,0.5574682354927063,0.6818587779998779,517,0.2752457559108734,98,0.15281501412391663,19,0.1635388731956482,1,0.8351648449897766,4.857142925262451,2429,1,14
464,0.6658709049224854,0.71757572889328,322,0.21212121844291687,16,0.13939394056797028,74,0.30909091234207153,1,1,5,1409,1,12
566,0.177223801612854,0.21882598102092743,420,0.0673845112323761,68,0.07294199615716934,29,0.05488016828894615,1,0.7684729099273682,4.733333110809326,5669,0.28382429480552673,14
477,0.646246075630188,0.5738916397094727,235,0.27955666184425354,11,0.10221675038337708,183,0.1305418759584427,1,0.9677419066429138,4.461538314819336,1403,0.9950106739997864,14
164,2.3019721508026123,2.527777671813965,117,1.1527777910232544,7,0.9166666865348816,22,0.0833333358168602,1,0.9753086566925049,5,165,1,4
338,0.5737708806991577,0.7013888955116272,186,0.421875,8,0.0798611119389534,139,0.1475694477558136,1,1,4,1081,1,2
225,0.8138540983200073,0.8199999928474426,178,0.5633333325386047,32,0.09000000357627869,5,0.12999999523162842,1,1,5,612,1,3
654,0.553888738155365,0.6993007063865662,463,0.35227271914482117,75,0.110139861702919,32,0.21066433191299438,0,0.7674418687820435,4.5714287757873535,2241,0.5131637454032898,9
193,0.7045085430145264,0.613772451877594,129,0.18862275779247284,11,0.0928143709897995,39,0.2934131622314453,0,0.3030303120613098,5,525,1,5
412,0.9502548575401306,0.7698924541473389,313,0.44301074743270874,42,0.05806451663374901,7,0.24946236610412598,1,1,5,893,1,8
56,0.8380419015884399,0.800000011920929,43,0.41818180680274963,7,0.290909081697464,1,0.072727270424366,0,0,5,130,1,1
157,0.5991350412368774,0.6153846383094788,147,0.5209790468215942,4,0.0279720276594162,6,0.02097902074456215,1,1,5,566,1,4
82,0.6182110905647278,0.6014492511749268,74,0.4492753744125366,3,0.06521739065647125,0,0.036231882870197296,1,1,4,297,1,1
650,0.16862814128398895,0.1707577407360077,323,0.05789754539728165,165,0.08004269003868103,135,0.02801494114100933,0,0,3.5,6576,0.02478710375726223,2
838,0.9612892270088196,1,579,0.5532358884811401,173,0.4540709853172302,16,0.036534447222948074,0,0,4,1876,0.10341151058673859,3
64,0.4605177044868469,0.5853658318519592,47,0.43292683362960815,10,0.09146341681480408,3,0.03658536449074745,0,0,4,261,1,1
252,0.7251399755477905,0.7306666374206543,151,0.36266666650772095,52,0.335999995470047,8,0.00800000037997961,0,0.782608687877655,4.75,669,1,6
179,0.7897424697875977,0.9289940595626831,113,0.4082840383052826,35,0.43195265531539917,3,0.011834319680929184,1,0.9818181991577148,4.25,421,1,6
240,0.5442540645599365,0.6620370149612427,146,0.31712964177131653,61,0.3263888955116272,4,0.018518518656492233,1,1,4,862,1,2
166,0.6514238715171814,0.8008130192756653,122,0.40243902802467346,38,0.35772356390953064,1,0.012195121496915817,0,0.190476194024086,4.666666507720947,509,1,6
358,0.5517555475234985,0.6706408262252808,183,0.3636363744735718,63,0.1818181872367859,41,0.10134128481149673,1,1,5,1123,1,4
231,0.3915266692638397,0.5761047601699829,224,0.4353518784046173,0,0.022913256660103798,1,0.04909983649849892,0,0.5730769038200378,5,1315,1,4
504,0.6484155654907227,0.6934487223625183,349,0.36588379740715027,45,0.27070456743240356,42,0.021013597026467323,1,1,4.875,1408,1,9
393,0.8742319345474243,1,226,0.60447758436203,122,0.34825870394706726,18,0.04477611929178238,0,0.75,4.692307472229004,877,0.9384264349937439,14
328,2.733757734298706,3.7142856121063232,143,1.2402597665786743,18,0.9350649118423462,134,1.3701298236846924,1,0.691618800163269,5,229,1,5
491,0.5768627524375916,0.596436083316803,236,0.23165617883205414,31,0.10482180118560791,115,0.23165617883205414,1,0.7169811129570007,4.25,1650,0.23999999463558197,4
327,0.530377984046936,0.7664121985435486,232,0.4595419764518738,17,0.13740457594394684,16,0.1221374049782753,0,0.6333333253860474,4.857142925262451,1301,1,9
NA,NA,0.5600403547286987,NA,0.27346116304397583,NA,0.19979818165302277,NA,0.06357214599847794,1,0.23312883079051971,4.5,1732,1,7
NA,NA,0.47163695096969604,NA,0.35008102655410767,NA,0.0178282018750906,NA,0.08752025663852692,0,0.5196078419685364,4.714285850524902,1014,1,7
371,1,2.751281976699829,248,0.9897435903549194,15,1.2717949151992798,54,0.32564103603363037,1,1,4.5,733,1,9
409,1,1.9444444179534912,277,1.2530864477157593,6,0.354938268661499,77,0.2777777910232544,1,1,5,574,1,13
NA,NA,0.3322475552558899,NA,0.21661238372325897,NA,0.07166124135255814,NA,0.004885993432253599,0,0.7674418687820435,5,1040,1,5
180,0.7141197919845581,0.8297872543334961,129,0.3404255211353302,24,0.3617021143436432,16,0.07801418751478195,1,1,4.5,556,1,2
882,0.3711065649986267,0.4207628667354584,689,0.22060558199882507,43,0.1663389652967453,96,0.025167126208543777,1,1,4.199999809265137,4371,0.0711507648229599,4
366,0.553701639175415,0.7201986908912659,283,0.4387417137622833,24,0.20860926806926727,26,0.05463576316833496,1,0.19540229439735413,3.75,1230,0.6951219439506531,4
629,0.49428415298461914,0.6502848863601685,379,0.40242165327072144,52,0.12535612285137177,73,0.093304842710495,1,1,5,2557,1,9
350,0.5216168761253357,0.511664092540741,186,0.22395023703575134,35,0.015552099794149399,51,0.2301710695028305,1,0.9240506291389465,5,1293,1,7
351,0.6183403134346008,0.7866666913032532,165,0.1550000011920929,127,0.029999999329447746,23,0.47999998927116394,0,0.8011049628257751,5,1158,1,4
525,0.692276120185852,0.6981627345085144,414,0.4593175947666168,56,0.06955380737781525,15,0.15354330837726593,0,0.017467249184846878,5,1527,1,3
853,0.8992272019386292,0.7348560094833374,763,0.37636545300483704,60,0.22840119898319244,13,0.09632571786642075,1,0.8125,5,2223,1,6
631,0.7295358777046204,0.7170385122299194,399,0.2636916935443878,20,0.27079108357429504,109,0.1501014232635498,0,0.7317073345184326,4.833333492279053,1629,1,9
467,0.6235424876213074,0.6624365448951721,271,0.20685279369354248,17,0.14593908190727234,109,0.2614213228225708,1,1,4.599999904632568,1304,1,5
725,0.5801387429237366,0.5873749256134033,478,0.33256351947784424,50,0.0862201675772667,64,0.1485758274793625,0,0.9056603908538818,5,2584,1,4
554,0.30676499009132385,0.3808368742465973,388,0.2680412232875824,41,0.037598542869091034,57,0.05033353716135025,1,1,3.6666667461395264,2966,0.13857047259807587,3
527,0.7381710410118103,0.6503225564956665,322,0.47612902522087097,11,0.04258064553141594,24,0.1135483905673027,1,0.9576719403266907,5,1376,1,14
714,0.7348218560218811,0.58864426612854,415,0.3696407973766327,58,0.08922363817691803,179,0.1135573610663414,1,1,5,1832,1,14
362,0.5954439640045166,0.7073608636856079,220,0.23159784078598022,15,0.030520645901560783,57,0.416517049074173,1,1,5,1117,1,13
312,0.5806701183319092,0.7287822961807251,130,0.4630996286869049,2,0.09778597950935364,63,0.14206641912460327,0,0.6892655491828918,5,1209,1,13
358,0.5553605556488037,0.6200658082962036,169,0.3371710479259491,7,0.10197368264198303,129,0.15953947603702545,1,0.9918032884597778,5,1164,1,9
514,0.6330713629722595,0.7379679083824158,192,0.3342246115207672,56,0.1256684511899948,112,0.18983957171440125,1,0.7484662532806396,4.75,1413,1,5
285,0.8774930238723755,0.765625,185,0.20937499403953552,48,0.23125000298023224,37,0.296875,0,0,5,556,1,11
510,0.4992724061012268,0.6970954537391663,245,0.2894190847873688,36,0.13278008997440338,101,0.24377593398094177,1,0.997032642364502,5,2208,1,4
669,0.6939927935600281,0.6443089246749878,311,0.3739837408065796,82,0.12093495577573776,107,0.0934959352016449,1,0.5060241222381592,4.5,1560,0.41987180709838867,14
325,0.5834174752235413,0.650994598865509,149,0.3001808226108551,120,0.1428571492433548,8,0.13200722634792328,1,1,5,1226,1,10
249,0.6432576179504395,0.6350574493408203,126,0.24425287544727325,43,0.272988498210907,51,0.09770114719867706,1,0.5476190447807312,4.857142925262451,692,1,7
364,0.6242926120758057,0.6751360893249512,186,0.35753175616264343,72,0.18874773383140564,33,0.08711433410644531,1,1,5,1138,1,7
389,0.6035622358322144,0.5840266346931458,228,0.3244592249393463,18,0.20299500226974487,38,0.02828618884086609,0,0.4419889450073242,5,1022,1,10
383,0.48363199830055237,0.5689440965652466,294,0.3503105640411377,16,0.12795031070709229,9,0.044720496982336044,1,1,5,1522,1,7
250,0.6067748069763184,0.6701030731201172,122,0.32731959223747253,73,0.25773194432258606,25,0.02835051529109478,0,0.40909090638160706,5,665,1,5
312,0.2517161965370178,0.32585203647613525,170,0.17123857140541077,39,0.04821280017495155,49,0.06317539513111115,1,0.9929577708244324,4.900000095367432,2253,1,10
163,0.593682050704956,0.3815789520740509,150,0.1940789520740509,6,0.02631578966975212,0,0.1184210553765297,1,1,5,552,1,4
666,0.7912313342094421,0.7342945337295532,480,0.41812562942504883,45,0.0792996883392334,60,0.20494335889816284,1,0.905537486076355,4.333333492279053,1606,0.9912827014923096,12
349,0.3790002167224884,0.5005636811256409,127,0.20856820046901703,21,0.04509582743048668,146,0.22435174882411957,0,0.7405857443809509,5,1834,1,3
373,0.5683300495147705,0.5593803524971008,176,0.2736660838127136,24,0.10154905170202255,118,0.16867469251155853,1,1,4.5714287757873535,1170,1,9
191,0.5058234930038452,0.5727003216743469,112,0.31750741600990295,3,0.05341246351599693,72,0.18694362044334412,1,1,4.857142925262451,654,1,9
542,0.7119495272636414,0.6341145634651184,397,0.3984375,42,0.109375,41,0.0677083358168602,0,0.14864864945411682,4.25,1461,0.3983573019504547,4
477,0.49660301208496094,0.5341207385063171,382,0.45406824350357056,7,0.031496062874794006,11,0.007874015718698502,1,0.8743455410003662,5,1856,1,7
284,0.4787704646587372,0.26646706461906433,269,0.1991017907857895,3,0.03293413296341896,8,0.01796407252550125,1,1,5,1241,1,7
529,0.3182640075683594,0.32124048471450806,399,0.18373318016529083,12,0.05324751138687134,67,0.06612053513526917,1,0.7048192620277405,4.5,2963,0.2031724601984024,14
405,0.5956264138221741,0.8634538054466248,248,0.5287817716598511,7,0.09638553857803345,37,0.13788487017154694,1,0.2638036906719208,5,1450,1,11
899,1,0.8327359557151794,508,0.41577062010765076,11,0.06929510086774826,56,0.2616487443447113,1,0.8023256063461304,4.777777671813965,1575,1,12
613,0.6110839247703552,0.6956947445869446,544,0.6252446174621582,7,0.016634050756692886,9,0.026418786495923996,0,0.3321428596973419,5,2147,1,3
599,0.7246770262718201,0.7001153230667114,580,0.4279123544692993,5,0.049596309661865234,7,0.16493655741214752,1,0.7622641324996948,5,1698,1,6
446,0.6048349142074585,0.6278145909309387,237,0.4701986610889435,14,0.05960264801979065,64,0.0701986774802208,0,0.686274528503418,5,1315,1,4
371,0.6163400411605835,0.6380090713500977,180,0.26395174860954285,8,0.2956259548664093,126,0.04072398319840431,1,0.17241379618644714,4.5,1094,1,2
543,0.5258700251579285,0.6441314816474915,386,0.4892018735408783,27,0.056338027119636536,72,0.07699530571699142,0,0.37857142090797424,4.333333492279053,1969,0.5190451741218567,8
786,0.717077910900116,0.664365828037262,667,0.47972390055656433,3,0.0560828298330307,11,0.0974978432059288,1,1,5,2173,1,4
372,0.481365442276001,0.4464060664176941,115,0.20428751409053802,44,0.034047920256853104,46,0.17528373003005981,1,1,5,1611,1,8
422,0.5783174633979797,0.5716080665588379,72,0.1670854240655899,7,0.09798994660377502,11,0.2625628113746643,1,1,5,1544,1,6
438,0.2503282129764557,0.2948877811431885,312,0.18329177796840668,16,0.025561098009347916,31,0.05299251899123192,0,0.8413792848587036,5,3229,1,2
540,0.5882826447486877,0.625745952129364,331,0.2293265163898468,77,0.15856777131557465,63,0.21142369508743286,0,0.9666666388511658,5,1809,1,2
839,0.6477822661399841,0.6538461446762085,587,0.45192307233810425,93,0.07131410390138626,34,0.08814102411270142,0,0.7994505763053894,4.666666507720947,2749,1,3
474,1.7641867399215698,1.8349206447601318,396,1.4222222566604614,7,0.13968254625797272,11,0.190476194024086,1,1,4.5,539,1,2
310,0.5316011309623718,0.5089430809020996,171,0.29430893063545227,5,0.11056910455226898,7,0.02276422828435898,1,1,5,1116,1,6
361,0.4700908064842224,0.4575645625591278,361,0.26691266894340515,0,0.095940962433815,0,0.03567035496234894,1,1,5,1515,1,11
518,0.6525721549987793,0.6539833545684814,272,0.27229487895965576,69,0.243757426738739,96,0.09988109022378922,0,0.49193549156188965,3.6666667461395264,1363,0.6801173686981201,5
723,0.7384946346282959,0.7840564846992493,429,0.3824419677257538,60,0.24117054045200348,131,0.07971745729446411,0,0.35256409645080566,4.166666507720947,1657,1,7
511,0.685851514339447,0.69792938232421875,372,0.2898903787136078,72,0.28501826524734497,43,0.0730816051363945,0,0.3176470696926117,4.25,1362,1,4
297,0.703125,0.6812499761581421,207,0.5270833373069763,21,0.1041666641831398,35,0.03541666641831398,0,0,4,902,1,1
567,0.6037678718566895,0.6912442445755005,434,0.23156681656837463,11,0.18433180451393127,59,0.22580644488334656,0,0.6800000071525574,5,2099,1,14
543,0.6328160166740417,0.6610925197601318,275,0.22965440154075623,19,0.08584169298410416,125,0.2931995391845703,0,0.6886447072029114,5,1776,1,4
745,0.8095107674598694,0.6736640930175781,473,0.3549618422985077,146,0.2614503800868988,76,0.030534351244568825,1,1,5,1868,1,6
494,0.6967753767967224,0.633548378944397,355,0.3083871006965637,23,0.2567741870880127,89,0.032258063554763794,1,1,5,1407,1,4
531,1,0.9107142686843872,383,0.637499988079071,13,0.21071428060531616,76,0.03928571566939354,1,1,5,1028,1,4
470,0.6879330277442932,0.7409261465072632,291,0.27659574151039124,79,0.4117647111415863,58,0.013767208904027939,0,0.8727272748947144,5,1375,1,6
405,0.053084492683410645,0.0941515862941742,215,0.0428796224296093,29,0.02714398130774498,137,0.022292157635092735,0,0.46666666865348816,4.545454502105713,13059,0.06064783036708832,14
641,0.08077289909124374,0.07526475191116333,372,0.04059505835175514,49,0.01664145290851593,177,0.01664145290851593,0,1,4.625,13623,0.10173970460891724,14
236,0.31207039952278137,0.2703448235988617,95,0.08827586472034454,29,0.037241380661726,70,0.1310344785451889,0,0,4.833333492279053,1378,1,14
363,0.8984696865081787,0.7153652310371399,206,0.367758184671402,37,0.05037783458828926,42,0.29219144582748413,0,0.15748031437397003,5,790,1,14
189,0.7865462899208069,0.6919831037521362,77,0.18143460154533386,24,0.2236286848783493,43,0.27004218101501465,0,1,5,501,1,10
621,0.45863398909568787,0.40305009484291077,325,0.15032680332660675,23,0.07697893679141998,171,0.15613652765750885,1,0.8589211702346802,4.933333396911621,2714,1,14
386,0.7439326047897339,0.6485623121261597,226,0.35143768787384033,16,0.1405750811100006,87,0.11341852694749832,0,0.5649350881576538,5,1099,1,3
604,0.662753164768219,0.616150438785553,219,0.22787611186504364,14,0.06305309385061264,298,0.3097345232963562,1,0.9846938848495483,5,1761,1,7
80,0.6102882027626038,0.5289855003356934,39,0.21739129722118378,15,0.1666666716337204,16,0.10869564861059189,1,1,3.6666667461395264,246,0.934959352016449,3
690,0.7933669686317444,0.7682775855064392,477,0.3841387927532196,62,0.2949194610118866,118,0.06567534059286118,0,0.5396825671195984,4.714285850524902,1424,0.4051966369152069,7
391,0.7221007347106934,0.6639510989189148,212,0.3197556138038635,48,0.2138492912054062,95,0.09164969623088837,1,0.7636363506317139,4.333333492279053,936,1,3
534,1,1,367,0.42013129591941833,16,0.2516411244869232,113,0.34573304653167725,1,1,4.875,771,1,14
923,0.7223496437072754,0.7997159361839294,709,0.35866478085517883,45,0.34446021914482117,59,0.08522727340459824,1,1,4.666666507720947,2248,1,11
561,0.6569725871086121,0.640943169593811,313,0.2786709666252136,10,0.2143622785806656,75,0.052518755197525024,0,0.8695651888847351,5,1717,1,6
629,0.6567690968513489,0.5661478638648987,391,0.1750972718000412,16,0.25194552540779114,93,0.0749027207493782,1,0.980079710483551,4.800000190734863,2009,1,11
444,0.7260149717330933,0.46224960684776306,236,0.26810476183891296,1,0.04160246625542641,112,0.11402156949043274,0,0.7933333516120911,5,1259,1,6
499,0.5353409051895142,0.49740931391716003,433,0.2735751271247864,2,0.12953367829322815,22,0.04041450843214989,0,0.7954545617103577,5,2004,1,14
504,0.6219672560691833,0.5656779408454895,340,0.20656779408454895,12,0.2605932056903839,51,0.07097457349300385,1,1,5,1559,1,5
